"LOCATION","INDICATOR","SUBJECT","MEASURE","FREQUENCY","TIME","Value","Flag Codes"
"AUS","WAGEGAP","EMPLOYEE","PC","A","2002",15,
"AUS","WAGEGAP","EMPLOYEE","PC","A","2003",13.043478261,
"AUS","WAGEGAP","EMPLOYEE","PC","A","2004",14.352941176,
"AUS","WAGEGAP","EMPLOYEE","PC","A","2005",15.777777778,
"AUS","WAGEGAP","EMPLOYEE","PC","A","2006",16.666666667,
"AUS","WAGEGAP","EMPLOYEE","PC","A","2007",15.4,
"AUS","WAGEGAP","EMPLOYEE","PC","A","2008",11.937377691,
"AUS","WAGEGAP","EMPLOYEE","PC","A","2009",16.363636364,
"AUS","WAGEGAP","EMPLOYEE","PC","A","2010",14.04293381,
"AUS","WAGEGAP","EMPLOYEE","PC","A","2011",15.966386555,
"AUS","WAGEGAP","EMPLOYEE","PC","A","2012",13.75,
"AUS","WAGEGAP","EMPLOYEE","PC","A","2013",18,
"AUS","WAGEGAP","EMPLOYEE","PC","A","2014",15.384615385,
"AUS","WAGEGAP","EMPLOYEE","PC","A","2015",13,
"AUS","WAGEGAP","EMPLOYEE","PC","A","2016",11.538461538,
"AUS","WAGEGAP","EMPLOYEE","PC","A","2017",11.664190193,
"AUS","WAGEGAP","EMPLOYEE","PC","A","2018",11.714285714,
"AUT","WAGEGAP","EMPLOYEE","PC","A","2002",24.48922362,
"AUT","WAGEGAP","EMPLOYEE","PC","A","2003",21.136921977,
"AUT","WAGEGAP","EMPLOYEE","PC","A","2004",22.430792158,
"AUT","WAGEGAP","EMPLOYEE","PC","A","2005",22.032085753,
"AUT","WAGEGAP","EMPLOYEE","PC","A","2006",21.855130427,
"AUT","WAGEGAP","EMPLOYEE","PC","A","2007",21.634276366,
"AUT","WAGEGAP","EMPLOYEE","PC","A","2008",20.917320274,
"AUT","WAGEGAP","EMPLOYEE","PC","A","2009",19.355965917,
"AUT","WAGEGAP","EMPLOYEE","PC","A","2010",19.188862682,
"AUT","WAGEGAP","EMPLOYEE","PC","A","2011",18.550554118,
"AUT","WAGEGAP","EMPLOYEE","PC","A","2012",18.185056843,
"AUT","WAGEGAP","EMPLOYEE","PC","A","2013",18.053211411,
"AUT","WAGEGAP","EMPLOYEE","PC","A","2014",17.728884245,
"AUT","WAGEGAP","EMPLOYEE","PC","A","2015",17.04325299,
"AUT","WAGEGAP","EMPLOYEE","PC","A","2016",15.670899643,
"AUT","WAGEGAP","EMPLOYEE","PC","A","2017",15.38215397,
"AUT","WAGEGAP","EMPLOYEE","PC","A","2018",14.876690892,
"BEL","WAGEGAP","EMPLOYEE","PC","A","2002",11.604714415,
"BEL","WAGEGAP","EMPLOYEE","PC","A","2003",15.205183585,
"BEL","WAGEGAP","EMPLOYEE","PC","A","2004",11.832061069,
"BEL","WAGEGAP","EMPLOYEE","PC","A","2005",11.511092507,
"BEL","WAGEGAP","EMPLOYEE","PC","A","2006",10.253267974,
"BEL","WAGEGAP","EMPLOYEE","PC","A","2007",9.8736176935,
"BEL","WAGEGAP","EMPLOYEE","PC","A","2008",8.9157536834,
"BEL","WAGEGAP","EMPLOYEE","PC","A","2009",7.4804614812,
"BEL","WAGEGAP","EMPLOYEE","PC","A","2010",7.0437956204,
"BEL","WAGEGAP","EMPLOYEE","PC","A","2011",5.8381088825,
"BEL","WAGEGAP","EMPLOYEE","PC","A","2012",6.4111498258,
"BEL","WAGEGAP","EMPLOYEE","PC","A","2013",5.9128630705,
"BEL","WAGEGAP","EMPLOYEE","PC","A","2014",3.2989003665,
"BEL","WAGEGAP","EMPLOYEE","PC","A","2015",4.672,
"BEL","WAGEGAP","EMPLOYEE","PC","A","2016",3.7012987013,
"BEL","WAGEGAP","EMPLOYEE","PC","A","2017",4.1902961563,
"CAN","WAGEGAP","EMPLOYEE","PC","A","2002",24.013157895,
"CAN","WAGEGAP","EMPLOYEE","PC","A","2003",22.502340337,
"CAN","WAGEGAP","EMPLOYEE","PC","A","2004",22.717948718,
"CAN","WAGEGAP","EMPLOYEE","PC","A","2005",21.25,
"CAN","WAGEGAP","EMPLOYEE","PC","A","2006",21.123321123,
"CAN","WAGEGAP","EMPLOYEE","PC","A","2007",20.808235294,
"CAN","WAGEGAP","EMPLOYEE","PC","A","2008",20.454545455,
"CAN","WAGEGAP","EMPLOYEE","PC","A","2009",20.131868132,
"CAN","WAGEGAP","EMPLOYEE","PC","A","2010",18.977469671,
"CAN","WAGEGAP","EMPLOYEE","PC","A","2011",19.175531915,
"CAN","WAGEGAP","EMPLOYEE","PC","A","2012",19.511231281,
"CAN","WAGEGAP","EMPLOYEE","PC","A","2013",19.30323498,
"CAN","WAGEGAP","EMPLOYEE","PC","A","2014",19.229,
"CAN","WAGEGAP","EMPLOYEE","PC","A","2015",18.62745098,
"CAN","WAGEGAP","EMPLOYEE","PC","A","2016",18.221153846,
"CAN","WAGEGAP","EMPLOYEE","PC","A","2017",18.17322239,
"CAN","WAGEGAP","EMPLOYEE","PC","A","2018",18.518518519,
"CAN","WAGEGAP","EMPLOYEE","PC","A","2019",17.59375,
"CZE","WAGEGAP","EMPLOYEE","PC","A","2002",15.95069783,
"CZE","WAGEGAP","EMPLOYEE","PC","A","2003",15.637497318,
"CZE","WAGEGAP","EMPLOYEE","PC","A","2004",16.14681968,
"CZE","WAGEGAP","EMPLOYEE","PC","A","2005",15.93892946,
"CZE","WAGEGAP","EMPLOYEE","PC","A","2006",15.351766206,
"CZE","WAGEGAP","EMPLOYEE","PC","A","2007",16.931531878,
"CZE","WAGEGAP","EMPLOYEE","PC","A","2008",17.873019877,
"CZE","WAGEGAP","EMPLOYEE","PC","A","2009",15.105017965,
"CZE","WAGEGAP","EMPLOYEE","PC","A","2010",15.798503074,
"CZE","WAGEGAP","EMPLOYEE","PC","A","2011",16.329656698,
"CZE","WAGEGAP","EMPLOYEE","PC","A","2012",15.262979875,
"CZE","WAGEGAP","EMPLOYEE","PC","A","2013",15.378835316,
"CZE","WAGEGAP","EMPLOYEE","PC","A","2014",16.254560195,
"CZE","WAGEGAP","EMPLOYEE","PC","A","2015",16.455154158,
"CZE","WAGEGAP","EMPLOYEE","PC","A","2016",16.023430838,
"CZE","WAGEGAP","EMPLOYEE","PC","A","2017",15.614010894,
"CZE","WAGEGAP","EMPLOYEE","PC","A","2018",15.127413864,
"CZE","WAGEGAP","EMPLOYEE","PC","A","2019",14.714332257,
"DNK","WAGEGAP","EMPLOYEE","PC","A","2002",10.797075707,
"DNK","WAGEGAP","EMPLOYEE","PC","A","2003",9.9218040939,
"DNK","WAGEGAP","EMPLOYEE","PC","A","2004",10.182205379,
"DNK","WAGEGAP","EMPLOYEE","PC","A","2005",10.167330438,
"DNK","WAGEGAP","EMPLOYEE","PC","A","2006",10.172061258,
"DNK","WAGEGAP","EMPLOYEE","PC","A","2007",9.8502979507,
"DNK","WAGEGAP","EMPLOYEE","PC","A","2008",10.183549034,
"DNK","WAGEGAP","EMPLOYEE","PC","A","2009",10.172005061,
"DNK","WAGEGAP","EMPLOYEE","PC","A","2010",8.895098479,
"DNK","WAGEGAP","EMPLOYEE","PC","A","2011",7.9471972536,
"DNK","WAGEGAP","EMPLOYEE","PC","A","2012",6.9998448762,
"DNK","WAGEGAP","EMPLOYEE","PC","A","2013",6.7689119452,
"DNK","WAGEGAP","EMPLOYEE","PC","A","2014",6.3238656948,
"DNK","WAGEGAP","EMPLOYEE","PC","A","2015",5.8360481128,
"DNK","WAGEGAP","EMPLOYEE","PC","A","2016",5.7326280384,
"DNK","WAGEGAP","EMPLOYEE","PC","A","2017",5.2966919656,
"DNK","WAGEGAP","EMPLOYEE","PC","A","2018",4.8632060095,
"FIN","WAGEGAP","EMPLOYEE","PC","A","2002",20.373202814,
"FIN","WAGEGAP","EMPLOYEE","PC","A","2003",20.099255583,
"FIN","WAGEGAP","EMPLOYEE","PC","A","2004",20.015151037,
"FIN","WAGEGAP","EMPLOYEE","PC","A","2005",18.941694033,
"FIN","WAGEGAP","EMPLOYEE","PC","A","2006",19.374794537,
"FIN","WAGEGAP","EMPLOYEE","PC","A","2007",21.376904093,
"FIN","WAGEGAP","EMPLOYEE","PC","A","2008",21.233952657,
"FIN","WAGEGAP","EMPLOYEE","PC","A","2009",19.675672792,
"FIN","WAGEGAP","EMPLOYEE","PC","A","2010",18.876999846,
"FIN","WAGEGAP","EMPLOYEE","PC","A","2011",18.607617095,
"FIN","WAGEGAP","EMPLOYEE","PC","A","2012",18.726074526,
"FIN","WAGEGAP","EMPLOYEE","PC","A","2013",20.178432711,
"FIN","WAGEGAP","EMPLOYEE","PC","A","2014",19.609079445,
"FIN","WAGEGAP","EMPLOYEE","PC","A","2015",18.055981324,
"FIN","WAGEGAP","EMPLOYEE","PC","A","2016",16.47225837,
"FIN","WAGEGAP","EMPLOYEE","PC","A","2017",17.717920638,
"FIN","WAGEGAP","EMPLOYEE","PC","A","2018",18.855203722,
"FRA","WAGEGAP","EMPLOYEE","PC","A","2002",13.30472103,
"FRA","WAGEGAP","EMPLOYEE","PC","A","2006",9.1412742382,
"FRA","WAGEGAP","EMPLOYEE","PC","A","2010",8.9902568645,
"FRA","WAGEGAP","EMPLOYEE","PC","A","2014",9.5835018197,
"FRA","WAGEGAP","EMPLOYEE","PC","A","2018",11.545988258,
"DEU","WAGEGAP","EMPLOYEE","PC","A","2002",19.076590488,
"DEU","WAGEGAP","EMPLOYEE","PC","A","2003",19.554572271,
"DEU","WAGEGAP","EMPLOYEE","PC","A","2004",21.850217724,
"DEU","WAGEGAP","EMPLOYEE","PC","A","2005",16.347569956,
"DEU","WAGEGAP","EMPLOYEE","PC","A","2006",18.128654971,
"DEU","WAGEGAP","EMPLOYEE","PC","A","2007",16.715542522,
"DEU","WAGEGAP","EMPLOYEE","PC","A","2008",16.737517957,
"DEU","WAGEGAP","EMPLOYEE","PC","A","2009",16.524216524,
"DEU","WAGEGAP","EMPLOYEE","PC","A","2010",16.694715584,
"DEU","WAGEGAP","EMPLOYEE","PC","A","2011",16.944444444,
"DEU","WAGEGAP","EMPLOYEE","PC","A","2012",15.646258503,
"DEU","WAGEGAP","EMPLOYEE","PC","A","2013",14.093150685,
"DEU","WAGEGAP","EMPLOYEE","PC","A","2014",17.1875,
"DEU","WAGEGAP","EMPLOYEE","PC","A","2015",15.816326531,
"DEU","WAGEGAP","EMPLOYEE","PC","A","2016",15.510718789,
"DEU","WAGEGAP","EMPLOYEE","PC","A","2017",16.19047619,
"DEU","WAGEGAP","EMPLOYEE","PC","A","2018",15.250121418,
"GRC","WAGEGAP","EMPLOYEE","PC","A","2006",17.725752508,
"GRC","WAGEGAP","EMPLOYEE","PC","A","2010",9.9099099099,
"GRC","WAGEGAP","EMPLOYEE","PC","A","2014",7.1140939597,
"GRC","WAGEGAP","EMPLOYEE","PC","A","2018",5.913570887,
"HUN","WAGEGAP","EMPLOYEE","PC","A","2002",9.1297122935,
"HUN","WAGEGAP","EMPLOYEE","PC","A","2003",1.4760044902,
"HUN","WAGEGAP","EMPLOYEE","PC","A","2004",3.0343737653,
"HUN","WAGEGAP","EMPLOYEE","PC","A","2005",4.0215265743,
"HUN","WAGEGAP","EMPLOYEE","PC","A","2006",0.3843870359,
"HUN","WAGEGAP","EMPLOYEE","PC","A","2007",3.6481061267,
"HUN","WAGEGAP","EMPLOYEE","PC","A","2008",2.2206544601,
"HUN","WAGEGAP","EMPLOYEE","PC","A","2009",3.8760880696,
"HUN","WAGEGAP","EMPLOYEE","PC","A","2010",6.3817122518,
"HUN","WAGEGAP","EMPLOYEE","PC","A","2011",6.8639053254,
"HUN","WAGEGAP","EMPLOYEE","PC","A","2012",11.332462443,
"HUN","WAGEGAP","EMPLOYEE","PC","A","2013",8.7236506348,
"HUN","WAGEGAP","EMPLOYEE","PC","A","2014",3.7726055271,
"HUN","WAGEGAP","EMPLOYEE","PC","A","2015",9.5238095238,
"HUN","WAGEGAP","EMPLOYEE","PC","A","2016",9.3643171806,
"HUN","WAGEGAP","EMPLOYEE","PC","A","2017",5.3202686547,
"HUN","WAGEGAP","EMPLOYEE","PC","A","2018",5.0632142857,
"ISL","WAGEGAP","EMPLOYEE","PC","A","2006",21.720545017,
"ISL","WAGEGAP","EMPLOYEE","PC","A","2010",16.391412056,
"ISL","WAGEGAP","EMPLOYEE","PC","A","2014",13.659305994,
"ISL","WAGEGAP","EMPLOYEE","PC","A","2018",12.819987712,
"IRL","WAGEGAP","EMPLOYEE","PC","A","2002",16.774891775,
"IRL","WAGEGAP","EMPLOYEE","PC","A","2006",18.039336202,
"IRL","WAGEGAP","EMPLOYEE","PC","A","2010",14.25987338,
"IRL","WAGEGAP","EMPLOYEE","PC","A","2014",10.606060606,
"IRL","WAGEGAP","EMPLOYEE","PC","A","2018",7.9904591532,
"ITA","WAGEGAP","EMPLOYEE","PC","A","2006",10.190427174,
"ITA","WAGEGAP","EMPLOYEE","PC","A","2010",5.1442307692,
"ITA","WAGEGAP","EMPLOYEE","PC","A","2014",6.2139369729,
"ITA","WAGEGAP","EMPLOYEE","PC","A","2018",5.5971793742,
"JPN","WAGEGAP","EMPLOYEE","PC","A","2002",32.529722589,
"JPN","WAGEGAP","EMPLOYEE","PC","A","2003",31.997350116,
"JPN","WAGEGAP","EMPLOYEE","PC","A","2004",31.087391594,
"JPN","WAGEGAP","EMPLOYEE","PC","A","2005",32.825438887,
"JPN","WAGEGAP","EMPLOYEE","PC","A","2006",32.980832783,
"JPN","WAGEGAP","EMPLOYEE","PC","A","2007",31.742323097,
"JPN","WAGEGAP","EMPLOYEE","PC","A","2008",30.694397853,
"JPN","WAGEGAP","EMPLOYEE","PC","A","2009",28.284923928,
"JPN","WAGEGAP","EMPLOYEE","PC","A","2010",28.684300928,
"JPN","WAGEGAP","EMPLOYEE","PC","A","2011",27.395364926,
"JPN","WAGEGAP","EMPLOYEE","PC","A","2012",26.523545706,
"JPN","WAGEGAP","EMPLOYEE","PC","A","2013",26.587578507,
"JPN","WAGEGAP","EMPLOYEE","PC","A","2014",25.870989997,
"JPN","WAGEGAP","EMPLOYEE","PC","A","2015",25.731790334,
"JPN","WAGEGAP","EMPLOYEE","PC","A","2016",24.601289447,
"JPN","WAGEGAP","EMPLOYEE","PC","A","2017",24.518092661,
"JPN","WAGEGAP","EMPLOYEE","PC","A","2018",23.537368955,
"JPN","WAGEGAP","EMPLOYEE","PC","A","2019",23.480013436,
"KOR","WAGEGAP","EMPLOYEE","PC","A","2002",41.028512789,
"KOR","WAGEGAP","EMPLOYEE","PC","A","2003",40.083154629,
"KOR","WAGEGAP","EMPLOYEE","PC","A","2004",39.623548252,
"KOR","WAGEGAP","EMPLOYEE","PC","A","2005",39.616632359,
"KOR","WAGEGAP","EMPLOYEE","PC","A","2006",39.774144311,
"KOR","WAGEGAP","EMPLOYEE","PC","A","2007",38.162064282,
"KOR","WAGEGAP","EMPLOYEE","PC","A","2008",39.037441734,
"KOR","WAGEGAP","EMPLOYEE","PC","A","2009",38.614682704,
"KOR","WAGEGAP","EMPLOYEE","PC","A","2010",39.605857342,
"KOR","WAGEGAP","EMPLOYEE","PC","A","2011",36.5642295,
"KOR","WAGEGAP","EMPLOYEE","PC","A","2012",36.298529966,
"KOR","WAGEGAP","EMPLOYEE","PC","A","2013",36.599634369,
"KOR","WAGEGAP","EMPLOYEE","PC","A","2014",36.653176139,
"KOR","WAGEGAP","EMPLOYEE","PC","A","2015",37.176281754,
"KOR","WAGEGAP","EMPLOYEE","PC","A","2016",36.666666667,
"KOR","WAGEGAP","EMPLOYEE","PC","A","2017",34.617382557,
"KOR","WAGEGAP","EMPLOYEE","PC","A","2018",34.107310951,
"KOR","WAGEGAP","EMPLOYEE","PC","A","2019",32.480444715,
"LUX","WAGEGAP","EMPLOYEE","PC","A","2002",15.088529638,
"LUX","WAGEGAP","EMPLOYEE","PC","A","2006",8.1984517945,
"LUX","WAGEGAP","EMPLOYEE","PC","A","2010",5,
"LUX","WAGEGAP","EMPLOYEE","PC","A","2014",4.1379310345,
"MEX","WAGEGAP","EMPLOYEE","PC","A","2005",16.666666667,
"MEX","WAGEGAP","EMPLOYEE","PC","A","2006",18.604651163,
"MEX","WAGEGAP","EMPLOYEE","PC","A","2007",12.5,
"MEX","WAGEGAP","EMPLOYEE","PC","A","2008",22.222222222,
"MEX","WAGEGAP","EMPLOYEE","PC","A","2009",16.666666667,
"MEX","WAGEGAP","EMPLOYEE","PC","A","2010",11.627906977,
"MEX","WAGEGAP","EMPLOYEE","PC","A","2011",10,
"MEX","WAGEGAP","EMPLOYEE","PC","A","2012",13.555555556,
"MEX","WAGEGAP","EMPLOYEE","PC","A","2013",15.433403805,
"MEX","WAGEGAP","EMPLOYEE","PC","A","2014",18.3,
"MEX","WAGEGAP","EMPLOYEE","PC","A","2015",16.666666667,
"MEX","WAGEGAP","EMPLOYEE","PC","A","2016",16.492248062,
"MEX","WAGEGAP","EMPLOYEE","PC","A","2017",11.111111111,
"MEX","WAGEGAP","EMPLOYEE","PC","A","2018",14,
"MEX","WAGEGAP","EMPLOYEE","PC","A","2019",18.75,
"NLD","WAGEGAP","EMPLOYEE","PC","A","2002",16.172287688,
"NLD","WAGEGAP","EMPLOYEE","PC","A","2006",16.008064516,
"NLD","WAGEGAP","EMPLOYEE","PC","A","2010",18.236272879,
"NLD","WAGEGAP","EMPLOYEE","PC","A","2014",15.930599369,
"NLD","WAGEGAP","EMPLOYEE","PC","A","2018",13.029120384,
"NZL","WAGEGAP","EMPLOYEE","PC","A","2002",7.3125,
"NZL","WAGEGAP","EMPLOYEE","PC","A","2003",7.6923076923,
"NZL","WAGEGAP","EMPLOYEE","PC","A","2004",8.0766995933,
"NZL","WAGEGAP","EMPLOYEE","PC","A","2005",9.6111111111,
"NZL","WAGEGAP","EMPLOYEE","PC","A","2006",9.3333333333,
"NZL","WAGEGAP","EMPLOYEE","PC","A","2007",7.1428571429,
"NZL","WAGEGAP","EMPLOYEE","PC","A","2008",8.0536912752,
"NZL","WAGEGAP","EMPLOYEE","PC","A","2009",8.7591240876,
"NZL","WAGEGAP","EMPLOYEE","PC","A","2010",7.0112359551,
"NZL","WAGEGAP","EMPLOYEE","PC","A","2011",4.5333333333,
"NZL","WAGEGAP","EMPLOYEE","PC","A","2012",5.9079061685,
"NZL","WAGEGAP","EMPLOYEE","PC","A","2013",6.5943238731,
"NZL","WAGEGAP","EMPLOYEE","PC","A","2014",6.0833333333,
"NZL","WAGEGAP","EMPLOYEE","PC","A","2015",7.92,
"NZL","WAGEGAP","EMPLOYEE","PC","A","2016",7.7692307692,
"NZL","WAGEGAP","EMPLOYEE","PC","A","2017",7.1508379888,
"NZL","WAGEGAP","EMPLOYEE","PC","A","2018",7.8696925329,
"NZL","WAGEGAP","EMPLOYEE","PC","A","2019",6.5084501978,
"NOR","WAGEGAP","EMPLOYEE","PC","A","2002",11.642621198,
"NOR","WAGEGAP","EMPLOYEE","PC","A","2003",11.177505823,
"NOR","WAGEGAP","EMPLOYEE","PC","A","2004",10.677038442,
"NOR","WAGEGAP","EMPLOYEE","PC","A","2005",10.363175262,
"NOR","WAGEGAP","EMPLOYEE","PC","A","2006",10.139525798,
"NOR","WAGEGAP","EMPLOYEE","PC","A","2007",10.801046331,
"NOR","WAGEGAP","EMPLOYEE","PC","A","2008",9.5656115748,
"NOR","WAGEGAP","EMPLOYEE","PC","A","2009",9.0007343455,
"NOR","WAGEGAP","EMPLOYEE","PC","A","2010",8.3939191058,
"NOR","WAGEGAP","EMPLOYEE","PC","A","2011",8.1162106379,
"NOR","WAGEGAP","EMPLOYEE","PC","A","2012",6.7469118271,
"NOR","WAGEGAP","EMPLOYEE","PC","A","2013",7.3461266553,
"NOR","WAGEGAP","EMPLOYEE","PC","A","2014",6.6233997276,
"NOR","WAGEGAP","EMPLOYEE","PC","A","2015",7.4622984919,
"NOR","WAGEGAP","EMPLOYEE","PC","A","2016",6.764027671,
"NOR","WAGEGAP","EMPLOYEE","PC","A","2017",6.3909774436,
"NOR","WAGEGAP","EMPLOYEE","PC","A","2018",5.8492413118,
"NOR","WAGEGAP","EMPLOYEE","PC","A","2019",4.9940828402,
"POL","WAGEGAP","EMPLOYEE","PC","A","2002",11.315955411,
"POL","WAGEGAP","EMPLOYEE","PC","A","2004",10.638848907,
"POL","WAGEGAP","EMPLOYEE","PC","A","2006",11.440420483,
"POL","WAGEGAP","EMPLOYEE","PC","A","2008",12.993822243,
"POL","WAGEGAP","EMPLOYEE","PC","A","2010",7.1902070437,
"POL","WAGEGAP","EMPLOYEE","PC","A","2012",10.620155274,
"POL","WAGEGAP","EMPLOYEE","PC","A","2014",11.07286288,
"POL","WAGEGAP","EMPLOYEE","PC","A","2016",9.4178809362,
"POL","WAGEGAP","EMPLOYEE","PC","A","2018",11.497909952,
"PRT","WAGEGAP","EMPLOYEE","PC","A","2006",12.808460635,
"PRT","WAGEGAP","EMPLOYEE","PC","A","2010",16.020942408,
"PRT","WAGEGAP","EMPLOYEE","PC","A","2014",15.321756895,
"PRT","WAGEGAP","EMPLOYEE","PC","A","2018",11.665004985,
"SVK","WAGEGAP","EMPLOYEE","PC","A","2002",20.355160932,
"SVK","WAGEGAP","EMPLOYEE","PC","A","2003",20.689655172,
"SVK","WAGEGAP","EMPLOYEE","PC","A","2004",20.88376561,
"SVK","WAGEGAP","EMPLOYEE","PC","A","2005",20.099255583,
"SVK","WAGEGAP","EMPLOYEE","PC","A","2006",17.802768166,
"SVK","WAGEGAP","EMPLOYEE","PC","A","2007",17.521704815,
"SVK","WAGEGAP","EMPLOYEE","PC","A","2008",16.444769568,
"SVK","WAGEGAP","EMPLOYEE","PC","A","2009",16.432721259,
"SVK","WAGEGAP","EMPLOYEE","PC","A","2010",14.851117649,
"SVK","WAGEGAP","EMPLOYEE","PC","A","2011",15.449856429,
"SVK","WAGEGAP","EMPLOYEE","PC","A","2012",15.965269161,
"SVK","WAGEGAP","EMPLOYEE","PC","A","2013",14.109329757,
"SVK","WAGEGAP","EMPLOYEE","PC","A","2014",14.350047529,
"SVK","WAGEGAP","EMPLOYEE","PC","A","2015",13.376624885,
"SVK","WAGEGAP","EMPLOYEE","PC","A","2016",13.899182143,
"SVK","WAGEGAP","EMPLOYEE","PC","A","2017",15.040042332,
"SVK","WAGEGAP","EMPLOYEE","PC","A","2018",15.662080133,
"SVK","WAGEGAP","EMPLOYEE","PC","A","2019",13.869849949,
"ESP","WAGEGAP","EMPLOYEE","PC","A","2002",17.323420074,
"ESP","WAGEGAP","EMPLOYEE","PC","A","2006",13.533333333,
"ESP","WAGEGAP","EMPLOYEE","PC","A","2010",13.504464286,
"ESP","WAGEGAP","EMPLOYEE","PC","A","2014",11.540497618,
"SWE","WAGEGAP","EMPLOYEE","PC","A","2002",11.904761905,
"SWE","WAGEGAP","EMPLOYEE","PC","A","2003",11.520737327,
"SWE","WAGEGAP","EMPLOYEE","PC","A","2004",10.762331839,
"SWE","WAGEGAP","EMPLOYEE","PC","A","2005",11.304347826,
"SWE","WAGEGAP","EMPLOYEE","PC","A","2006",11.016949153,
"SWE","WAGEGAP","EMPLOYEE","PC","A","2007",11.836734694,
"SWE","WAGEGAP","EMPLOYEE","PC","A","2008",10.588235294,
"SWE","WAGEGAP","EMPLOYEE","PC","A","2009",9.5419847328,
"SWE","WAGEGAP","EMPLOYEE","PC","A","2010",9.3632958801,
"SWE","WAGEGAP","EMPLOYEE","PC","A","2011",9.1575091575,
"SWE","WAGEGAP","EMPLOYEE","PC","A","2012",9.2857142857,
"SWE","WAGEGAP","EMPLOYEE","PC","A","2013",9.375,
"SWE","WAGEGAP","EMPLOYEE","PC","A","2014",9.1525423729,
"SWE","WAGEGAP","EMPLOYEE","PC","A","2015",8.3333333333,
"SWE","WAGEGAP","EMPLOYEE","PC","A","2016",8.1699346405,
"SWE","WAGEGAP","EMPLOYEE","PC","A","2017",7.3482428115,
"SWE","WAGEGAP","EMPLOYEE","PC","A","2018",7.1428571429,
"SWE","WAGEGAP","EMPLOYEE","PC","A","2019",7.5757575758,
"CHE","WAGEGAP","EMPLOYEE","PC","A","2002",22.801619433,
"CHE","WAGEGAP","EMPLOYEE","PC","A","2004",22.012478004,
"CHE","WAGEGAP","EMPLOYEE","PC","A","2006",21.318132126,
"CHE","WAGEGAP","EMPLOYEE","PC","A","2008",21.307506053,
"CHE","WAGEGAP","EMPLOYEE","PC","A","2010",20.053595355,
"CHE","WAGEGAP","EMPLOYEE","PC","A","2012",19.343526441,
"CHE","WAGEGAP","EMPLOYEE","PC","A","2014",16.940742841,
"CHE","WAGEGAP","EMPLOYEE","PC","A","2016",14.762372073,
"CHE","WAGEGAP","EMPLOYEE","PC","A","2018",15.095647352,
"TUR","WAGEGAP","EMPLOYEE","PC","A","2006",3.2069970845,
"TUR","WAGEGAP","EMPLOYEE","PC","A","2010",3.3259423503,
"TUR","WAGEGAP","EMPLOYEE","PC","A","2014",6.8825910931,
"GBR","WAGEGAP","EMPLOYEE","PC","A","2002",24.379099435,
"GBR","WAGEGAP","EMPLOYEE","PC","A","2003",24.124467087,
"GBR","WAGEGAP","EMPLOYEE","PC","A","2004",23.358740969,
"GBR","WAGEGAP","EMPLOYEE","PC","A","2005",22.0639582,
"GBR","WAGEGAP","EMPLOYEE","PC","A","2006",21.718084024,
"GBR","WAGEGAP","EMPLOYEE","PC","A","2007",21.634780707,
"GBR","WAGEGAP","EMPLOYEE","PC","A","2008",21.857869108,
"GBR","WAGEGAP","EMPLOYEE","PC","A","2009",20.686295954,
"GBR","WAGEGAP","EMPLOYEE","PC","A","2010",19.231436918,
"GBR","WAGEGAP","EMPLOYEE","PC","A","2011",18.246005203,
"GBR","WAGEGAP","EMPLOYEE","PC","A","2012",17.783882784,
"GBR","WAGEGAP","EMPLOYEE","PC","A","2013",17.482014388,
"GBR","WAGEGAP","EMPLOYEE","PC","A","2014",17.382742571,
"GBR","WAGEGAP","EMPLOYEE","PC","A","2015",17.101551481,
"GBR","WAGEGAP","EMPLOYEE","PC","A","2016",16.796536797,
"GBR","WAGEGAP","EMPLOYEE","PC","A","2017",16.534100525,
"GBR","WAGEGAP","EMPLOYEE","PC","A","2018",16.310424203,
"GBR","WAGEGAP","EMPLOYEE","PC","A","2019",16.008911521,
"USA","WAGEGAP","EMPLOYEE","PC","A","2002",22.091310751,
"USA","WAGEGAP","EMPLOYEE","PC","A","2003",20.575539568,
"USA","WAGEGAP","EMPLOYEE","PC","A","2004",19.635343619,
"USA","WAGEGAP","EMPLOYEE","PC","A","2005",18.975069252,
"USA","WAGEGAP","EMPLOYEE","PC","A","2006",19.246298789,
"USA","WAGEGAP","EMPLOYEE","PC","A","2007",19.843342037,
"USA","WAGEGAP","EMPLOYEE","PC","A","2008",20.050125313,
"USA","WAGEGAP","EMPLOYEE","PC","A","2009",19.78021978,
"USA","WAGEGAP","EMPLOYEE","PC","A","2010",18.810679612,
"USA","WAGEGAP","EMPLOYEE","PC","A","2011",17.788461538,
"USA","WAGEGAP","EMPLOYEE","PC","A","2012",19.086651054,
"USA","WAGEGAP","EMPLOYEE","PC","A","2013",17.906976744,
"USA","WAGEGAP","EMPLOYEE","PC","A","2014",17.451205511,
"USA","WAGEGAP","EMPLOYEE","PC","A","2015",18.882681564,
"USA","WAGEGAP","EMPLOYEE","PC","A","2016",18.142076503,
"USA","WAGEGAP","EMPLOYEE","PC","A","2017",18.172157279,
"USA","WAGEGAP","EMPLOYEE","PC","A","2018",18.910585817,
"USA","WAGEGAP","EMPLOYEE","PC","A","2019",18.470705065,
"BGR","WAGEGAP","EMPLOYEE","PC","A","2002",13.178294574,
"BGR","WAGEGAP","EMPLOYEE","PC","A","2006",1.3793103448,
"BGR","WAGEGAP","EMPLOYEE","PC","A","2010",6.9343065693,
"BGR","WAGEGAP","EMPLOYEE","PC","A","2014",4.0625,
"CHL","WAGEGAP","EMPLOYEE","PC","A","2003",1.6831838918,
"CHL","WAGEGAP","EMPLOYEE","PC","A","2006",5.5555555556,
"CHL","WAGEGAP","EMPLOYEE","PC","A","2009",9.0909090909,
"CHL","WAGEGAP","EMPLOYEE","PC","A","2011",16,
"CHL","WAGEGAP","EMPLOYEE","PC","A","2013",10.666666667,
"CHL","WAGEGAP","EMPLOYEE","PC","A","2015",14.285714286,
"CHL","WAGEGAP","EMPLOYEE","PC","A","2017",12.5,
"COL","WAGEGAP","EMPLOYEE","PC","A","2007",1.3393170184,
"COL","WAGEGAP","EMPLOYEE","PC","A","2008",1.7396907216,
"COL","WAGEGAP","EMPLOYEE","PC","A","2009",3.3846751713,
"COL","WAGEGAP","EMPLOYEE","PC","A","2010",6.4305555556,
"COL","WAGEGAP","EMPLOYEE","PC","A","2011",3.5348084188,
"COL","WAGEGAP","EMPLOYEE","PC","A","2012",8.1979467756,
"COL","WAGEGAP","EMPLOYEE","PC","A","2013",7.1428571429,
"COL","WAGEGAP","EMPLOYEE","PC","A","2014",9.6,
"COL","WAGEGAP","EMPLOYEE","PC","A","2015",11.141715728,
"COL","WAGEGAP","EMPLOYEE","PC","A","2016",7.0917506686,
"COL","WAGEGAP","EMPLOYEE","PC","A","2017",7.6923076923,
"COL","WAGEGAP","EMPLOYEE","PC","A","2018",5.7879259259,
"COL","WAGEGAP","EMPLOYEE","PC","A","2019",4,
"CRI","WAGEGAP","EMPLOYEE","PC","A","2010",0,
"CRI","WAGEGAP","EMPLOYEE","PC","A","2011",4.6306818182,
"CRI","WAGEGAP","EMPLOYEE","PC","A","2012",0.5524861878,
"CRI","WAGEGAP","EMPLOYEE","PC","A","2013",0,
"CRI","WAGEGAP","EMPLOYEE","PC","A","2014",5.1497005988,
"CRI","WAGEGAP","EMPLOYEE","PC","A","2015",3.7037037037,
"CRI","WAGEGAP","EMPLOYEE","PC","A","2016",1.7857142857,
"CRI","WAGEGAP","EMPLOYEE","PC","A","2017",2.967032967,
"CRI","WAGEGAP","EMPLOYEE","PC","A","2018",4.7252747253,
"HRV","WAGEGAP","EMPLOYEE","PC","A","2010",4.0669856459,
"HRV","WAGEGAP","EMPLOYEE","PC","A","2014",-1.565995526,
"HRV","WAGEGAP","EMPLOYEE","PC","A","2018",7.9150579151,
"CYP","WAGEGAP","EMPLOYEE","PC","A","2006",30.26689381,
"CYP","WAGEGAP","EMPLOYEE","PC","A","2010",24.600990644,
"CYP","WAGEGAP","EMPLOYEE","PC","A","2014",13.409234662,
"CYP","WAGEGAP","EMPLOYEE","PC","A","2018",15.871047737,
"EST","WAGEGAP","EMPLOYEE","PC","A","2010",23.494800731,
"EST","WAGEGAP","EMPLOYEE","PC","A","2014",22.888015717,
"EST","WAGEGAP","EMPLOYEE","PC","A","2018",17.318435754,
"ISR","WAGEGAP","EMPLOYEE","PC","A","2002",24.207612457,
"ISR","WAGEGAP","EMPLOYEE","PC","A","2003",25.325311319,
"ISR","WAGEGAP","EMPLOYEE","PC","A","2004",25.013528139,
"ISR","WAGEGAP","EMPLOYEE","PC","A","2005",21.924398625,
"ISR","WAGEGAP","EMPLOYEE","PC","A","2006",21.955215729,
"ISR","WAGEGAP","EMPLOYEE","PC","A","2007",20.40924794,
"ISR","WAGEGAP","EMPLOYEE","PC","A","2008",22.058823529,
"ISR","WAGEGAP","EMPLOYEE","PC","A","2009",21.13599802,
"ISR","WAGEGAP","EMPLOYEE","PC","A","2010",20.391577392,
"ISR","WAGEGAP","EMPLOYEE","PC","A","2011",19.659666908,
"ISR","WAGEGAP","EMPLOYEE","PC","A","2012",20,
"ISR","WAGEGAP","EMPLOYEE","PC","A","2013",20.345901815,
"ISR","WAGEGAP","EMPLOYEE","PC","A","2014",20.108141196,
"ISR","WAGEGAP","EMPLOYEE","PC","A","2015",20.439189189,
"ISR","WAGEGAP","EMPLOYEE","PC","A","2016",21.593332041,
"ISR","WAGEGAP","EMPLOYEE","PC","A","2017",21.791789941,
"ISR","WAGEGAP","EMPLOYEE","PC","A","2018",22.659192432,
"LVA","WAGEGAP","EMPLOYEE","PC","A","2002",18.919555573,
"LVA","WAGEGAP","EMPLOYEE","PC","A","2006",10.991957105,
"LVA","WAGEGAP","EMPLOYEE","PC","A","2010",19.055649241,
"LVA","WAGEGAP","EMPLOYEE","PC","A","2014",21.122994652,
"LTU","WAGEGAP","EMPLOYEE","PC","A","2002",14.583333333,
"LTU","WAGEGAP","EMPLOYEE","PC","A","2006",15.952380952,
"LTU","WAGEGAP","EMPLOYEE","PC","A","2010",10.642570281,
"LTU","WAGEGAP","EMPLOYEE","PC","A","2014",12.479740681,
"MLT","WAGEGAP","EMPLOYEE","PC","A","2006",7.0607553366,
"MLT","WAGEGAP","EMPLOYEE","PC","A","2010",7.0678796361,
"MLT","WAGEGAP","EMPLOYEE","PC","A","2014",9.0458488228,
"MLT","WAGEGAP","EMPLOYEE","PC","A","2018",11.09375,
"ROU","WAGEGAP","EMPLOYEE","PC","A","2002",16.96969697,
"ROU","WAGEGAP","EMPLOYEE","PC","A","2006",9.8113207547,
"ROU","WAGEGAP","EMPLOYEE","PC","A","2010",9.6317280453,
"ROU","WAGEGAP","EMPLOYEE","PC","A","2014",1.5463917526,
"ROU","WAGEGAP","EMPLOYEE","PC","A","2018",3.4965034965,
"SVN","WAGEGAP","EMPLOYEE","PC","A","2002",9.3050647821,
"SVN","WAGEGAP","EMPLOYEE","PC","A","2006",7.1287128713,
"SVN","WAGEGAP","EMPLOYEE","PC","A","2010",0.9917355372,
"SVN","WAGEGAP","EMPLOYEE","PC","A","2014",4.9962714392,
"OECD","WAGEGAP","EMPLOYEE","PC","A","2002",16.9009774176417,
"OECD","WAGEGAP","EMPLOYEE","PC","A","2003",16.4029821654894,
"OECD","WAGEGAP","EMPLOYEE","PC","A","2004",16.2178836461179,
"OECD","WAGEGAP","EMPLOYEE","PC","A","2005",15.816332462703,
"OECD","WAGEGAP","EMPLOYEE","PC","A","2006",15.39547585838,
"OECD","WAGEGAP","EMPLOYEE","PC","A","2007",14.5825894425018,
"OECD","WAGEGAP","EMPLOYEE","PC","A","2008",14.5563581256567,
"OECD","WAGEGAP","EMPLOYEE","PC","A","2009",14.027069108333,
"OECD","WAGEGAP","EMPLOYEE","PC","A","2010",13.9074132758839,
"OECD","WAGEGAP","EMPLOYEE","PC","A","2011",13.6304567016407,
"OECD","WAGEGAP","EMPLOYEE","PC","A","2012",13.7926969525059,
"OECD","WAGEGAP","EMPLOYEE","PC","A","2013",13.6961258044192,
"OECD","WAGEGAP","EMPLOYEE","PC","A","2014",13.599993535259,
"OECD","WAGEGAP","EMPLOYEE","PC","A","2015",13.8226960093712,
"OECD","WAGEGAP","EMPLOYEE","PC","A","2016",13.2726032403468,
"OECD","WAGEGAP","EMPLOYEE","PC","A","2017",12.8914073482698,
"OECD","WAGEGAP","EMPLOYEE","PC","A","2018",12.8189919059237,
